investor_uuid,annualised_investments,experience,weighted_success_rate,diversity_bucket,success_bucket
adfcbdd4-0beb-4b1f-856d-ca61fbcd12e1,0.1111111111111111,0.9090909090909092,0.625,Universalist,L2
7d947a72-cacb-f9b2-1b7e-757b33fa09d8,0.4444444444444444,1.0,0.15625,Balanced,L5
7e206f5c-f047-062c-07b8-69a15cca92e7,1.2222222222222223,1.0,0.1136363636363636,Specialized,L5
c52184d5-cac1-10fa-39a7-0378764f2dc3,0.6666666666666666,1.0,0.1041666666666666,Focused,L5
ca4a5a08-ddb1-1c02-c838-f3dfa1e86b52,0.7777777777777778,1.0,0.0892857142857142,Focused,L5
c12eb727-5c72-122f-5b01-43ed717d69cb,1.2222222222222223,1.0,0.0568181818181818,Specialized,L5
6a7066ef-82d7-2adc-5dc0-31776aa12556,1.5555555555555556,1.0,0.0446428571428571,Specialized,L5
