investor_uuid,annualised_investments,investing_experience,outlier_score,focus_classification,outlier_bucket
5f11a8ac-84a7-7778-5a8e-90c77e8d596c,2.9166666666666665,11,2.4285714285714284,Universalist,L2
79e028ab-f74b-4407-837f-a1633736480b,1.3333333333333333,11,5.3125,Universalist,L3
a2e83e70-19cd-fe83-60b6-ef51d43f0798,0.8333333333333334,11,8.5,Universalist,L4
1fb57aca-9a36-42ac-beee-916a086463f5,0.8333333333333334,8,10.5,Universalist,L4
3365ccf0-bd67-59cd-4c34-9a500be1e734,0.5833333333333334,11,12.142857142857142,Universalist,L4
