investor_uuid,annualised_investments,experience,weighted_success_rate,diversity_bucket,success_bucket
1e83d39a-0fb3-4728-856c-f0e85554727d,0.1111111111111111,0.4545454545454545,0.3125,Diverse,L4
a804740e-792c-463c-868f-ed9e397797ab,0.1111111111111111,0.4545454545454545,0.3125,Diverse,L4
ae1abbe7-86e0-4373-b763-bf43e6e814ac,0.1111111111111111,0.4545454545454545,0.3125,Diverse,L4
b99c38e7-f5e8-43b2-9397-f50e2a64c8bb,0.1111111111111111,0.4545454545454545,0.3125,Diverse,L4
f7dd7fb4-b5a2-428d-80af-49b85becd6df,0.1111111111111111,0.4545454545454545,0.3125,Diverse,L4
f8777224-93d4-4c0e-a18d-b170937b793c,0.1111111111111111,0.4545454545454545,0.3125,Diverse,L4
9befa4f8-6bb0-4a33-a2d1-65d47043d144,0.1111111111111111,0.4545454545454545,0.3125,Diverse,L4
d7989e6d-e001-421a-8146-b11481faf875,0.1111111111111111,0.4545454545454545,0.3125,Diverse,L4
