investor_uuid,annualised_investments,investing_experience,outlier_score,focus_classification,outlier_bucket
6a7066ef-82d7-2adc-5dc0-31776aa12556,1.0833333333333333,11,6.538461538461538,Universalist,L3
c12eb727-5c72-122f-5b01-43ed717d69cb,0.9166666666666666,11,7.727272727272727,Universalist,L3
ca4a5a08-ddb1-1c02-c838-f3dfa1e86b52,0.5833333333333334,11,12.142857142857142,Universalist,L4
c52184d5-cac1-10fa-39a7-0378764f2dc3,0.5833333333333334,11,12.142857142857142,Universalist,L4
7e206f5c-f047-062c-07b8-69a15cca92e7,1.0833333333333333,11,14.23076923076923,Universalist,L5
7d947a72-cacb-f9b2-1b7e-757b33fa09d8,0.3333333333333333,11,15.9375,Diverse,L5
