investor_uuid,annualised_investments,experience,weighted_success_rate,diversity_bucket,success_bucket
96feb2dc-b020-49b2-8095-bf4814a41aa4,0.1111111111111111,0.5454545454545454,0.25,Universalist,L4
328b7057-c2bc-47b3-a18e-474373f66e94,0.3333333333333333,0.5454545454545454,0.1041666666666666,Universalist,L5
a6a1d7e1-e15a-0659-ef96-9b4484fd575c,0.1111111111111111,0.4545454545454545,0.0625,Universalist,L5
f15fb733-4031-4b43-b7b0-0f0640244e99,1.4444444444444444,0.7272727272727273,0.0048076923076923,Universalist,L5
26a9ec60-d5b3-1873-cb5f-e417662c1f18,4.777777777777778,1.0,0.002906976744186,Balanced,L5
