investor_uuid,annualised_investments,experience,weighted_success_rate,diversity_bucket,success_bucket
33d896a3-a92a-4e8c-b62c-5c1a3fa0c231,0.1111111111111111,0.2727272727272727,0.0625,Balanced,L5
ddbef640-caaa-47ac-a688-2da2dcf4e271,0.1111111111111111,0.2727272727272727,0.0625,Balanced,L5
f2c45a57-01a7-47c8-b165-cd7f8dc5e4f1,0.1111111111111111,0.2727272727272727,0.0625,Balanced,L5
4a297943-a25c-47a5-9d5b-f23bfa316cb3,0.1111111111111111,0.2727272727272727,0.0625,Balanced,L5
90343ec2-66bf-6937-2e97-bd2b1534c395,0.1111111111111111,0.2727272727272727,0.0625,Balanced,L5
0385991f-a325-4b35-9860-38015f562d38,0.1111111111111111,0.2727272727272727,0.0625,Balanced,L5
04fb828d-eb50-c09c-d4a2-060719c2fabf,0.1111111111111111,0.2727272727272727,0.0625,Balanced,L5
a17fc85e-75ba-4b48-adfe-a21d100294e7,0.1111111111111111,0.2727272727272727,0.0625,Balanced,L5
