investor_uuid,annualised_investments,investing_experience,outlier_score,focus_classification,outlier_bucket
406cfa87-e5a5-4db5-2171-edc2f4ad6013,0.1666666666666666,5,0.625,Balanced,L1
913130fe-4172-e8dd-773f-9efde12d2eba,0.1666666666666666,4,0.625,Balanced,L1
74b0e4ff-d6f2-fc71-625e-2d0781b8e3b4,0.1666666666666666,5,0.625,Specialist,L1
8a30da29-44aa-e8ca-45f4-eb1e6495326e,0.5833333333333334,11,0.7142857142857143,Diverse,L1
0fc5a7aa-9631-1f47-cee8-b34295ce5ee1,0.5,6,0.8333333333333333,Diverse,L1
7c7a551f-b365-da0c-9fdd-7780e35f6584,0.3333333333333333,5,0.9375,Specialist,L1
add6c166-531e-0c22-0381-4cecd70a4557,0.4166666666666667,7,1.0,Balanced,L2
