investor_uuid,annualised_investments,experience,weighted_success_rate,diversity_bucket,success_bucket
4aeab023-06d3-073f-25b5-e4e7bad7bb8a,0.1111111111111111,0.9090909090909092,0.625,Universalist,L2
48d76266-3c4b-cd44-ab48-adc0f473c7ad,0.1111111111111111,0.9090909090909092,0.625,Universalist,L2
99b81c87-17fa-d6a0-d10f-edd3c107eb00,0.1111111111111111,0.9090909090909092,0.625,Universalist,L2
21cfe826-86b7-74aa-2c20-3468a9b877ca,0.1111111111111111,0.9090909090909092,0.625,Universalist,L2
551d369e-bc18-8897-05b8-5ecb88da357d,0.1111111111111111,0.9090909090909092,0.625,Universalist,L2
